Rule ID,Title,Severity,STIG Category,Risk Rating,Description
xccdf_org.ssgproject.content_rule_package_aide_installed,Install AIDE,medium,CAT II,Medium,The aide package can be installed with the following command: $ apt-get install aide
xccdf_org.ssgproject.content_rule_aide_build_database,Build and Test AIDE Database,medium,CAT II,Medium,"Run the following command to generate a new database: $ sudo aideinit By default, the database will be written to the file /var/lib/aide/aide.db.new. Storing the database, the configuration file /etc/aide.conf, and the binary /usr/bin/aide (or hashes of these files), in a secure location (such as on read-only media) provides additional assurance about their integrity. The newly-generated database can be installed as follows: $ sudo cp /var/lib/aide/aide.db.new /var/lib/aide/aide.db To initiate a manual check, run the following command: $ sudo /usr/bin/aide --check If this check produces any unexpected output, investigate."
xccdf_org.ssgproject.content_rule_aide_check_audit_tools,Configure AIDE to Verify the Audit Tools,medium,CAT II,Medium,The operating system file integrity tool must be configured to protect the integrity of the audit tools.
xccdf_org.ssgproject.content_rule_aide_disable_silentreports,Configure AIDE To Notify Personnel if Baseline Configurations Are Altered,medium,CAT II,Medium,The operating system file integrity tool must be configured to notify designated personnel of any changes to configurations.
xccdf_org.ssgproject.content_rule_aide_periodic_cron_checking,Configure Periodic Execution of AIDE,medium,CAT II,Medium,"At a minimum, AIDE should be configured to run a weekly scan. To implement a daily execution of AIDE at 4:05am using cron, add the following line to /etc/crontab: 05 4 * * * root /usr/bin/aide --config /etc/aide/aide.conf --check To implement a weekly execution of AIDE at 4:05am using cron, add the following line to /etc/crontab: 05 4 * * 0 root /usr/bin/aide --config /etc/aide/aide.conf --check AIDE can be executed periodically through other means; this is merely one example. The usage of cron's special time codes, such as @daily and @weekly is acceptable."
xccdf_org.ssgproject.content_rule_is_fips_mode_enabled,Verify '/proc/sys/crypto/fips_enabled' exists,high,CAT I,High,"On a system where FIPS 140-2 mode is enabled, /proc/sys/crypto/fips_enabled must exist. To verify FIPS mode, run the following command: cat /proc/sys/crypto/fips_enabled"
xccdf_org.ssgproject.content_rule_dconf_gnome_lock_screen_on_smartcard_removal,Enable the GNOME3 Screen Locking On Smartcard Removal,medium,CAT II,Medium,"In the default graphical environment, screen locking on smartcard removal can be enabled by setting removal-action to 'lock-screen'. To enable, add or edit removal-action to /etc/dconf/db/local.d/00-security-settings. For example: [org/gnome/settings-daemon/peripherals/smartcard] removal-action='lock-screen' Once the setting has been added, add a lock to /etc/dconf/db/local.d/locks/00-security-settings-lock to prevent user modification. For example: /org/gnome/settings-daemon/peripherals/smartcard/removal-action After the settings have been set, run dconf update."
xccdf_org.ssgproject.content_rule_dconf_gnome_disable_automount_open,Disable GNOME3 Automount Opening,medium,CAT II,Medium,"The system's default desktop environment, GNOME3, will mount devices and removable media (such as DVDs, CDs and USB flash drives) whenever they are inserted into the system. To disable automount-open within GNOME3, add or set automount-open to false in /etc/dconf/db/gdm.d/00-security-settings. For example: [org/gnome/desktop/media-handling] automount-open=false Once the settings have been added, add a lock to /etc/dconf/db/gdm.d/locks/00-security-settings-lock to prevent user modification. For example: /org/gnome/desktop/media-handling/automount-open After the settings have been set, run dconf update."
xccdf_org.ssgproject.content_rule_dconf_gnome_disable_autorun,Disable GNOME3 Automount running,low,CAT III,Low,"The system's default desktop environment, GNOME3, will mount devices and removable media (such as DVDs, CDs and USB flash drives) whenever they are inserted into the system. To disable autorun-never within GNOME3, add or set autorun-never to true in /etc/dconf/db/gdm.d/00-security-settings. For example: [org/gnome/desktop/media-handling] autorun-never=true Once the settings have been added, add a lock to /etc/dconf/db/gdm.d/locks/00-security-settings-lock to prevent user modification. For example: /org/gnome/desktop/media-handling/autorun-never After the settings have been set, run dconf update."
xccdf_org.ssgproject.content_rule_dconf_gnome_screensaver_idle_delay,Set GNOME3 Screensaver Inactivity Timeout,medium,CAT II,Medium,"The idle time-out value for inactivity in the GNOME3 desktop is configured via the idle-delay setting must be set under an appropriate configuration file(s) in the /etc/dconf/db/gdm.d directory and locked in /etc/dconf/db/gdm.d/locks directory to prevent user modification. For example, to configure the system for a 15 minute delay, add the following to /etc/dconf/db/gdm.d/00-security-settings: [org/gnome/desktop/session] idle-delay=uint32 900"
xccdf_org.ssgproject.content_rule_dconf_gnome_screensaver_lock_delay,Set GNOME3 Screensaver Lock Delay After Activation Period,medium,CAT II,Medium,"To activate the locking delay of the screensaver in the GNOME3 desktop when the screensaver is activated, add or set lock-delay to uint32 in /etc/dconf/db/gdm.d/00-security-settings. For example: [org/gnome/desktop/screensaver] lock-delay=uint32 After the settings have been set, run dconf update."
xccdf_org.ssgproject.content_rule_dconf_gnome_screensaver_lock_enabled,Enable GNOME3 Screensaver Lock After Idle Period,medium,CAT II,Medium,"To activate locking of the screensaver in the GNOME3 desktop when it is activated, add or set lock-enabled to true in /etc/dconf/db/gdm.d/00-security-settings. For example: [org/gnome/desktop/screensaver] lock-enabled=true Once the settings have been added, add a lock to /etc/dconf/db/gdm.d/locks/00-security-settings-lock to prevent user modification. For example: /org/gnome/desktop/screensaver/lock-enabled After the settings have been set, run dconf update."
xccdf_org.ssgproject.content_rule_dconf_gnome_screensaver_mode_blank,Implement Blank Screensaver,medium,CAT II,Medium,"To set the screensaver mode in the GNOME3 desktop to a blank screen, add or set picture-uri to string '' in /etc/dconf/db/gdm.d/00-security-settings. For example: [org/gnome/desktop/screensaver] picture-uri=string '' Once the settings have been added, add a lock to /etc/dconf/db/gdm.d/locks/00-security-settings-lock to prevent user modification. For example: /org/gnome/desktop/screensaver/picture-uri After the settings have been set, run dconf update."
xccdf_org.ssgproject.content_rule_dconf_gnome_disable_ctrlaltdel_reboot,Disable Ctrl-Alt-Del Reboot Key Sequence in GNOME3,high,CAT I,High,"By default, GNOME will reboot the system if the Ctrl-Alt-Del key sequence is pressed. To configure the system to ignore the Ctrl-Alt-Del key sequence from the Graphical User Interface (GUI) instead of rebooting the system, add or set logout to [''] in /etc/dconf/db/local.d/00-security-settings. For example: [org/gnome/settings-daemon/plugins/media-keys] logout=[''] Once the settings have been added, add a lock to /etc/dconf/db/local.d/locks/00-security-settings-lock to prevent user modification. For example: /org/gnome/settings-daemon/plugins/media-keys/logout After the settings have been set, run dconf update."
xccdf_org.ssgproject.content_rule_sudo_remove_nopasswd,Ensure Users Re-Authenticate for Privilege Escalation - sudo NOPASSWD,medium,CAT II,Medium,"The sudo NOPASSWD tag, when specified, allows a user to execute commands using sudo without having to authenticate. This should be disabled by making sure that the NOPASSWD tag does not exist in /etc/sudoers configuration file or any sudo configuration snippets in /etc/sudoers.d/."
xccdf_org.ssgproject.content_rule_sudo_require_authentication,Ensure Users Re-Authenticate for Privilege Escalation - sudo,medium,CAT II,Medium,"The sudo NOPASSWD and !authenticate option, when specified, allows a user to execute commands using sudo without having to authenticate. This should be disabled by making sure that NOPASSWD and/or !authenticate do not exist in /etc/sudoers configuration file or any sudo configuration snippets in /etc/sudoers.d/."""
xccdf_org.ssgproject.content_rule_clean_components_post_updating,Ensure apt_get Removes Previous Package Versions,low,CAT III,Low,"apt_get should be configured to remove previous software components after new versions have been installed. To configure apt_get to remove the previous software components after updating, set the ::Remove-Unused-Dependencies and ::Remove-Unused-Kernel-Packages to true in /etc/apt/apt.conf."
xccdf_org.ssgproject.content_rule_banner_etc_issue_net,Modify the System Login Banner for Remote Connections,medium,CAT II,Medium,"To configure the system login banner edit /etc/issue.net. Replace the default text with a message compliant with the local site policy or a legal disclaimer. The DoD required text is either: You are accessing a U.S. Government (USG) Information System (IS) that is provided for USG-authorized use only. By using this IS (which includes any device attached to this IS), you consent to the following conditions: -The USG routinely intercepts and monitors communications on this IS for purposes including, but not limited to, penetration testing, COMSEC monitoring, network operations and defense, personnel misconduct (PM), law enforcement (LE), and counterintelligence (CI) investigations. -At any time, the USG may inspect and seize data stored on this IS. -Communications using, or data stored on, this IS are not private, are subject to routine monitoring, interception, and search, and may be disclosed or used for any USG-authorized purpose. -This IS includes security measures (e.g., authentication and access controls) to protect USG interests -- not for your personal benefit or privacy. -Notwithstanding the above, using this IS does not constitute consent to PM, LE or CI investigative searching or monitoring of the content of privileged communications, or work product, related to personal representation or services by attorneys, psychotherapists, or clergy, and their assistants. Such communications and work product are private and confidential. See User Agreement for details. OR: I've read & consent to terms in IS user agreem't."
xccdf_org.ssgproject.content_rule_banner_etc_profiled_ssh_confirm,Enable the SSH login confirmation banner,medium,CAT II,Medium,"This rule verifies that that the SSH login confirmation banner is set correctly. The DoD required text is: if [ -n ""$SSH_CLIENT"" ] || [ -n ""$SSH_TTY"" ]; then while true; do read -p "" You are accessing a U.S. Government (USG) Information System (IS) that is provided for USG-authorized use only. By using this IS (which includes any device attached to this IS), you consent to the following conditions: -The USG routinely intercepts and monitors communications on this IS for purposes including, but not limited to, penetration testing, COMSEC monitoring, network operations and defense, personnel misconduct (PM), law enforcement (LE), and counterintelligence (CI) investigations. -At any time, the USG may inspect and seize data stored on this IS. -Communications using, or data stored on, this IS are not private, are subject to routine monitoring, interception, and search, and may be disclosed or used for any USG- authorized purpose. -This IS includes security measures (e.g., authentication and access controls) to protect USG interests--not for your personal benefit or privacy. -Notwithstanding the above, using this IS does not constitute consent to PM, LE or CI investigative searching or monitoring of the content of privileged communications, or work product, related to personal representation or services by attorneys, psychotherapists, or clergy, and their assistants. Such communications and work product are private and confidential. See User Agreement for details. Do you agree? [y/N] "" yn case $yn in [Yy]* ) break ;; [Nn]* ) exit 1 ;; esac done fi"
xccdf_org.ssgproject.content_rule_dconf_gnome_banner_enabled,Enable GNOME3 Login Warning Banner,medium,CAT II,Medium,"In the default graphical environment, displaying a login warning banner in the GNOME Display Manager's login screen can be enabled on the login screen by setting banner-message-enable to true. To enable, add or edit banner-message-enable to /etc/dconf/db/gdm.d/00-security-settings. For example: [org/gnome/login-screen] banner-message-enable=true Once the setting has been added, add a lock to /etc/dconf/db/gdm.d/locks/00-security-settings-lock to prevent user modification. For example: /org/gnome/login-screen/banner-message-enable After the settings have been set, run dconf update. The banner text must also be set."
xccdf_org.ssgproject.content_rule_dconf_gnome_login_banner_text,Set the GNOME3 Login Warning Banner Text,medium,CAT II,Medium,"In the default graphical environment, configuring the login warning banner text in the GNOME Display Manager's login screen can be configured on the login screen by setting banner-message-text to 'APPROVED_BANNER' where APPROVED_BANNER is the approved banner for your environment. To enable, add or edit banner-message-text to /etc/gdm3/greeter.dconf-defaults. For example: [org/gnome/login-screen] banner-message-text='APPROVED_BANNER' After the settings have been set, run dconf update. When entering a warning banner that spans several lines, remember to begin and end the string with ' and use \n for new lines."
xccdf_org.ssgproject.content_rule_display_login_attempts,Ensure PAM Displays Last Logon/Access Notification,low,CAT III,Low,"To configure the system to notify users of last logon/access using pam_lastlog, add or correct the pam_lastlog settings in /etc/pam.d/login to include showfailed option, such as: session required pam_lastlog.so showfailed And make sure that the silent option is not set for this specific line."
xccdf_org.ssgproject.content_rule_accounts_passwords_pam_faildelay_delay,Enforce Delay After Failed Logon Attempts,medium,CAT II,Medium,"To configure the system to introduce a delay after failed logon attempts, add or correct the pam_faildelay settings in /etc/pam.d/common-auth to make sure its delay parameter is at least or greater. For example: auth required pam_faildelay.so delay="
xccdf_org.ssgproject.content_rule_accounts_passwords_pam_faillock_audit,Account Lockouts Must Be Logged,medium,CAT II,Medium,"PAM faillock locks an account due to excessive password failures, this event must be logged."
xccdf_org.ssgproject.content_rule_accounts_passwords_pam_faillock_deny,Lock Accounts After Failed Password Attempts,medium,CAT II,Medium,This rule configures the system to lock out accounts after a number of incorrect login attempts using pam_faillock.so. pam_faillock.so module requires multiple entries in pam files. These entries must be carefully defined to work as expected. Ensure that the file /etc/security/faillock.conf contains the following entry: deny = <count> Where count should be less than or equal to and greater than 0.
xccdf_org.ssgproject.content_rule_accounts_passwords_pam_faillock_interval,Set Interval For Counting Failed Password Attempts,medium,CAT II,Medium,"Utilizing pam_faillock.so, the fail_interval directive configures the system to lock out an account after a number of incorrect login attempts within a specified time period. Ensure that the file /etc/security/faillock.conf contains the following entry: fail_interval = <interval-in-seconds> where interval-in-seconds is or greater."
xccdf_org.ssgproject.content_rule_accounts_passwords_pam_faillock_silent,Do Not Show System Messages When Unsuccessful Logon Attempts Occur,medium,CAT II,Medium,"This rule ensures the system prevents informative messages from being presented to the user pertaining to logon information after a number of incorrect login attempts using pam_faillock.so. pam_faillock.so module requires multiple entries in pam files. These entries must be carefully defined to work as expected. In order to avoid errors when manually editing these files, it is recommended to use the appropriate tools, such as authselect or authconfig, depending on the OS version."
xccdf_org.ssgproject.content_rule_accounts_passwords_pam_faillock_unlock_time,Set Lockout Time for Failed Password Attempts,medium,CAT II,Medium,"This rule configures the system to lock out accounts during a specified time period after a number of incorrect login attempts using pam_faillock.so. Ensure that the file /etc/security/faillock.conf contains the following entry: unlock_time=<interval-in-seconds> where interval-in-seconds is or greater. pam_faillock.so module requires multiple entries in pam files. These entries must be carefully defined to work as expected. In order to avoid any errors when manually editing these files, it is recommended to use the appropriate tools, such as authselect or authconfig, depending on the OS version. If unlock_time is set to 0, manual intervention by an administrator is required to unlock a user. This should be done using the faillock tool."
xccdf_org.ssgproject.content_rule_accounts_password_pam_dcredit,Ensure PAM Enforces Password Requirements - Minimum Digit Characters,medium,CAT II,Medium,"The pam_pwquality module's dcredit parameter controls requirements for usage of digits in a password. When set to a negative number, any password will be required to contain that many digits. When set to a positive number, pam_pwquality will grant +1 additional length credit for each digit. Modify the dcredit setting in /etc/security/pwquality.conf to require the use of a digit in passwords."
xccdf_org.ssgproject.content_rule_accounts_password_pam_dictcheck,Ensure PAM Enforces Password Requirements - Prevent the Use of Dictionary Words,medium,CAT II,Medium,The pam_pwquality module's dictcheck check if passwords contains dictionary words. When dictcheck is set to 1 passwords will be checked for dictionary words.
xccdf_org.ssgproject.content_rule_accounts_password_pam_difok,Ensure PAM Enforces Password Requirements - Minimum Different Characters,medium,CAT II,Medium,The pam_pwquality module's difok parameter sets the number of characters in a password that must not be present in and old password during a password change. Modify the difok setting in /etc/security/pwquality.conf to equal to require differing characters when changing passwords.
xccdf_org.ssgproject.content_rule_accounts_password_pam_enforcing,Ensure PAM Enforces Password Requirements - Enforcing,medium,CAT II,Medium,"Verify that the operating system uses ""pwquality"" to enforce the password complexity rules. Verify the pwquality module is being enforced by operating system by running the following command: $ grep -i enforcing /etc/security/pwquality.conf enforcing = 1 If the value of ""enforcing"" is not ""1"" or the line is commented out, this is a finding."
xccdf_org.ssgproject.content_rule_accounts_password_pam_lcredit,Ensure PAM Enforces Password Requirements - Minimum Lowercase Characters,medium,CAT II,Medium,"The pam_pwquality module's lcredit parameter controls requirements for usage of lowercase letters in a password. When set to a negative number, any password will be required to contain that many lowercase characters. When set to a positive number, pam_pwquality will grant +1 additional length credit for each lowercase character. Modify the lcredit setting in /etc/security/pwquality.conf to require the use of a lowercase character in passwords."
xccdf_org.ssgproject.content_rule_accounts_password_pam_minlen,Ensure PAM Enforces Password Requirements - Minimum Length,medium,CAT II,Medium,The pam_pwquality module's minlen parameter controls requirements for minimum characters required in a password. Add minlen= after pam_pwquality to set minimum password length requirements.
xccdf_org.ssgproject.content_rule_accounts_password_pam_ocredit,Ensure PAM Enforces Password Requirements - Minimum Special Characters,medium,CAT II,Medium,"The pam_pwquality module's ocredit= parameter controls requirements for usage of special (or ""other"") characters in a password. When set to a negative number, any password will be required to contain that many special characters. When set to a positive number, pam_pwquality will grant +1 additional length credit for each special character. Modify the ocredit setting in /etc/security/pwquality.conf to equal to require use of a special character in passwords."
xccdf_org.ssgproject.content_rule_accounts_password_pam_ucredit,Ensure PAM Enforces Password Requirements - Minimum Uppercase Characters,medium,CAT II,Medium,"The pam_pwquality module's ucredit= parameter controls requirements for usage of uppercase letters in a password. When set to a negative number, any password will be required to contain that many uppercase characters. When set to a positive number, pam_pwquality will grant +1 additional length credit for each uppercase character. Modify the ucredit setting in /etc/security/pwquality.conf to require the use of an uppercase character in passwords."
xccdf_org.ssgproject.content_rule_set_password_hashing_algorithm_auth_stig,Set Password Hashing Algorithm for PAM,medium,CAT II,Medium,"The PAM system service can be configured to only store encrypted representations of passwords. In ""/etc/pam.d/common-password"", the password section of the file controls which PAM modules to execute during a password change. Set the pam_unix.so module in the password section to include the option sha512 and no other hashing algorithms as shown below: password [success=1 default=ignore] pam_unix.so sha512 other arguments... This will help ensure that new passwords for local users will be stored using the sha512 algorithm."
xccdf_org.ssgproject.content_rule_disable_ctrlaltdel_reboot,Disable Ctrl-Alt-Del Reboot Activation,high,CAT I,High,"By default, SystemD will reboot the system if the Ctrl-Alt-Del key sequence is pressed. To configure the system to ignore the Ctrl-Alt-Del key sequence from the command line instead of rebooting the system, do either of the following: ln -sf /dev/null /etc/systemd/system/ctrl-alt-del.target or systemctl mask ctrl-alt-del.target Do not simply delete the /usr/lib/systemd/system/ctrl-alt-del.service file, as this file may be restored during future system updates."
xccdf_org.ssgproject.content_rule_vlock_installed,Check that vlock is installed to allow session locking,medium,CAT II,Medium,The Ubuntu 24.04 operating system must have vlock installed to allow for session locking. The vlock package can be installed with the following command: $ apt-get install vlock
xccdf_org.ssgproject.content_rule_package_opensc_installed,Install the opensc-pkcs11 Package For Multifactor Authentication,medium,CAT II,Medium,The opensc-pkcs11 package can be installed with the following command: $ apt-get install opensc-pkcs11
xccdf_org.ssgproject.content_rule_install_smartcard_packages,Install Smart Card Packages For Multifactor Authentication,medium,CAT II,Medium,Configure the operating system to implement multifactor authentication by installing the required package with the following command: The libpam-pkcs11 package can be installed with the following command: $ apt-get install libpam-pkcs11
xccdf_org.ssgproject.content_rule_smartcard_configure_ca,Configure Smart Card Certificate Authority Validation,medium,CAT II,Medium,"Configure the operating system to do certificate status checking for PKI authentication. Modify all of the cert_policy lines in /etc/pam_pkcs11/pam_pkcs11.conf to include ca like so: cert_policy = ca, ocsp_on, signature;"
xccdf_org.ssgproject.content_rule_smartcard_configure_cert_checking,Configure Smart Card Certificate Status Checking,medium,CAT II,Medium,"Configure the operating system to do certificate status checking for PKI authentication. Modify all of the cert_policy lines in /etc/pam_pkcs11/pam_pkcs11.conf to include ocsp_on like so: cert_policy = ca, ocsp_on, signature;"
xccdf_org.ssgproject.content_rule_smartcard_configure_crl,Configure Smart Card Local Cache of Revocation Data,medium,CAT II,Medium,"Configure the operating system for PKI-based authentication to use local revocation data when unable to access the network to obtain it remotely. Modify all of the cert_policy lines in /etc/pam_pkcs11/pam_pkcs11.conf to include crl_auto or crl_offline like so: cert_policy = ca,signature,ocsp_on,crl_auto;"
xccdf_org.ssgproject.content_rule_smartcard_pam_enabled,Enable Smart Card Logins in PAM,medium,CAT II,Medium,"This requirement only applies to components where this is specific to the function of the device or has the concept of an organizational user (e.g., VPN, proxy capability). This does not apply to authentication for the purpose of configuring the device itself (management). Add or update the following line in /etc/pam.d/common-auth, placing it above any lines containing pam_unix.so: auth [success=2 default=ignore] pam_pkcs11.so For general information about enabling smart card authentication, consult the documentation at: https://pages.ubuntu.com/rs/066-EOV-335/images/SmartCardLogin_WhitePapaer_04.03.20.pdf"
xccdf_org.ssgproject.content_rule_account_disable_post_pw_expiration,Set Account Expiration Following Inactivity,medium,CAT II,Medium,"To specify the number of days after a password expires (which signifies inactivity) until an account is permanently disabled, add or correct the following line in /etc/default/useradd: INACTIVE= If a password is currently on the verge of expiration, then day(s) remain(s) until the account is automatically disabled. However, if the password will not expire for another 60 days, then 60 days plus day(s) could elapse until the account would be automatically disabled. See the useradd man page for more information."
xccdf_org.ssgproject.content_rule_accounts_maximum_age_login_defs,Set Password Maximum Age,medium,CAT II,Medium,"To specify password maximum age for new accounts, edit the file /etc/login.defs and add or correct the following line: PASS_MAX_DAYS The profile requirement is ."
xccdf_org.ssgproject.content_rule_accounts_minimum_age_login_defs,Set Password Minimum Age,medium,CAT II,Medium,"To specify password minimum age for new accounts, edit the file /etc/login.defs and add or correct the following line: PASS_MIN_DAYS A value of 1 day is considered sufficient for many environments. The profile requirement is ."
xccdf_org.ssgproject.content_rule_accounts_password_pam_unix_rounds_password_auth,Set number of Password Hashing Rounds - password-auth,medium,CAT II,Medium,"Configure the number or rounds for the password hashing algorithm. This can be accomplished by using the rounds option for the pam_unix PAM module. In file /etc/pam.d/common-password append rounds= to the pam_unix.so entry, as shown below: password [success=1 default=ignore] pam_unix.so ...existing_options... rounds="
xccdf_org.ssgproject.content_rule_no_empty_passwords,Prevent Login to Accounts With Empty Password,high,CAT I,High,"If an account is configured for password authentication but does not have an assigned password, it may be possible to log into the account without authentication. Remove any instances of the nullok in /etc/pam.d/common-auth and /etc/pam.d/common-password to prevent logins with empty passwords."
xccdf_org.ssgproject.content_rule_accounts_max_concurrent_login_sessions,Limit the Number of Concurrent Login Sessions Allowed Per User,low,CAT III,Low,Limiting the number of allowed users and sessions per user can limit risks related to Denial of Service attacks. This addresses concurrent sessions for a single account and does not address concurrent sessions by a single user via multiple accounts. To set the number of concurrent sessions per user add the following line in /etc/security/limits.conf or a file under /etc/security/limits.d/: * hard maxlogins
xccdf_org.ssgproject.content_rule_accounts_tmout,Set Interactive Session Timeout,medium,CAT II,Medium,"Setting the TMOUT option in /etc/profile ensures that all user sessions will terminate based on inactivity. A value of 0 (zero) disables the automatic logout feature and is therefore not a compliant setting. The value of TMOUT should be a positive integer, exported, and read only. The TMOUT setting in a file loaded by /etc/profile, e.g. /etc/profile.d/tmout.sh should read as follows: TMOUT= readonly TMOUT export TMOUT"
xccdf_org.ssgproject.content_rule_accounts_umask_etc_login_defs,Ensure the Default Umask is Set Correctly in login.defs,medium,CAT II,Medium,"To ensure the default umask controlled by /etc/login.defs is set properly, add or correct the UMASK setting in /etc/login.defs to read as follows: UMASK"
xccdf_org.ssgproject.content_rule_grub2_password,Set Boot Loader Password in grub2,high,CAT I,High,"The grub2 boot loader should have a superuser account and password protection enabled to protect boot-time settings. Since plaintext passwords are a security risk, generate a hash for the password by running the following command: # grub2-mkpasswd-pbkdf2 When prompted, enter the password that was selected. Using the hash from the output, modify the /etc/grub.d/40_custom file with the following content: set superusers=""boot"" password_pbkdf2 boot grub.pbkdf2.sha512.VeryLongString NOTE: the bootloader superuser account and password MUST differ from the root account and password. Once the superuser password has been added, update the grub.cfg file by running: update-grub"
xccdf_org.ssgproject.content_rule_grub2_uefi_password,Set the UEFI Boot Loader Password,high,CAT I,High,"The grub2 boot loader should have a superuser account and password protection enabled to protect boot-time settings. Since plaintext passwords are a security risk, generate a hash for the password by running the following command: # grub2-mkpasswd-pbkdf2 When prompted, enter the password that was selected. Using the hash from the output, modify the /etc/grub.d/40_custom file with the following content: set superusers=""boot"" password_pbkdf2 boot grub.pbkdf2.sha512.VeryLongString NOTE: the bootloader superuser account and password MUST differ from the root account and password. Once the superuser password has been added, update the grub.cfg file by running: update-grub"
xccdf_org.ssgproject.content_rule_rsyslog_remote_access_monitoring,Ensure remote access methods are monitored in Rsyslog,medium,CAT II,Medium,"Logging of remote access methods must be implemented to help identify cyber attacks and ensure ongoing compliance with remote access policies are being audited and upheld. An examples of a remote access method is the use of the Remote Desktop Protocol (RDP) from an external, non-organization controlled network. The /etc/rsyslog.d/50-default.conf file should contain a match for the following selectors: auth.*, authpriv.*, and daemon.*. If not, use the following as an example configuration: auth.*;authpriv.* /var/log/secure daemon.* /var/log/messages"
xccdf_org.ssgproject.content_rule_dir_permissions_system_journal,Verify Permissions on the system journal directories,medium,CAT II,Medium,"Verify the /run/log/journal and /var/log/journal directories have permissions set to ""2750"" or less permissive by using the following command: $ sudo find /run/log/journal /var/log/journal -type d -exec stat -c ""%n %a"" {} \; If any output returned has a permission set greater than ""2750"", this is a finding."
xccdf_org.ssgproject.content_rule_file_permissions_journalctl,Verify Permissions on the journal command,medium,CAT II,Medium,"Verify that the ""journalctl"" command has a permission set of ""740"" by using the following command: $ sudo find /usr/bin/journalctl -exec stat -c ""%n %a"" {} \; If ""journalctl"" is not set to ""740"", this is a finding."
xccdf_org.ssgproject.content_rule_sysctl_net_ipv4_tcp_syncookies,Enable Kernel Parameter to Use TCP Syncookies on Network Interfaces,medium,CAT II,Medium,"To set the runtime status of the net.ipv4.tcp_syncookies kernel parameter, run the following command: $ sudo sysctl -w net.ipv4.tcp_syncookies=1 To make sure that the setting is persistent, add the following line to a file in the directory /etc/sysctl.d: net.ipv4.tcp_syncookies = 1"
xccdf_org.ssgproject.content_rule_check_ufw_active,Verify ufw Active,medium,CAT II,Medium,"Verify the ufw is enabled on the system with the following command: # sudo ufw status If the above command returns the status as ""inactive"" or any type of error, this is a finding."
xccdf_org.ssgproject.content_rule_ufw_rate_limit,ufw Must rate-limit network interfaces,medium,CAT II,Medium,"The operating system must configure the uncomplicated firewall to rate-limit impacted network interfaces. Check all the services listening to the ports with the following command: $ sudo ss -l46ut Netid State Recv-Q Send-Q Local Address:Port Peer Address:Port Process tcp LISTEN 0 128 [::]:ssh [::]:* For each entry, verify that the ufw is configured to rate limit the service ports with the following command: $ sudo ufw status If any port with a state of ""LISTEN"" is not marked with the ""LIMIT"" action, run the following command, replacing ""service"" with the service that needs to be rate limited: $ sudo ufw limit ""service"" Rate-limiting can also be done on an interface. An example of adding a rate-limit on the eth0 interface follows: $ sudo ufw limit in on eth0"
xccdf_org.ssgproject.content_rule_file_permissions_var_log_stig,Verify permissions of log files,medium,CAT II,Medium,"Any operating system providing too much information in error messages risks compromising the data and security of the structure, and content of error messages needs to be carefully considered by the organization. Organizations carefully consider the structure/content of error messages. The extent to which information systems are able to identify and handle error conditions is guided by organizational policy and operational requirements. Information that could be exploited by adversaries includes, for example, erroneous logon attempts with passwords entered by mistake as the username, mission/business information that can be derived from (if not stated explicitly by) information recorded, and personal information, such as account numbers, social security numbers, and credit card numbers."
xccdf_org.ssgproject.content_rule_kernel_module_usb-storage_disabled,Disable Modprobe Loading of USB Storage Driver,medium,CAT II,Medium,"To prevent USB storage devices from being used, configure the kernel module loading system to prevent automatic loading of the USB storage driver. To configure the system to prevent the usb-storage kernel module from being loaded, add the following line to the file /etc/modprobe.d/usb-storage.conf: install usb-storage /bin/false This entry will cause a non-zero return value during a usb-storage module installation and additionally convey the meaning of the entry to the user in form of an error message. If you would like to omit a non-zero return value and an error message, you may want to add a different line instead (both /bin/true and /bin/false are allowed by OVAL and will be accepted by the scan): install usb-storage /bin/true This will prevent the modprobe program from loading the usb-storage module, but will not prevent an administrator (or another program) from using the insmod program to load the module manually."
xccdf_org.ssgproject.content_rule_sysctl_kernel_dmesg_restrict,Restrict Access to Kernel Message Buffer,low,CAT III,Low,"To set the runtime status of the kernel.dmesg_restrict kernel parameter, run the following command: $ sudo sysctl -w kernel.dmesg_restrict=1 To make sure that the setting is persistent, add the following line to a file in the directory /etc/sysctl.d: kernel.dmesg_restrict = 1"
xccdf_org.ssgproject.content_rule_sysctl_kernel_randomize_va_space,Enable Randomized Layout of Virtual Address Space,medium,CAT II,Medium,"To set the runtime status of the kernel.randomize_va_space kernel parameter, run the following command: $ sudo sysctl -w kernel.randomize_va_space=2 To make sure that the setting is persistent, add the following line to a file in the directory /etc/sysctl.d: kernel.randomize_va_space = 2"
xccdf_org.ssgproject.content_rule_chronyd_specify_remote_server,A remote time server for Chrony is configured,medium,CAT II,Medium,"Chrony is a daemon which implements the Network Time Protocol (NTP). It is designed to synchronize system clocks across a variety of systems and use a source that is highly accurate. More information on chrony can be found at https://chrony-project.org/. Chrony can be configured to be a client and/or a server. Add or edit server or pool lines to /etc/chrony/chrony.conf as appropriate: server <remote-server> Alternatively, server or pool directives can be specified in files included via sourcedir or confdir directives in /etc/chrony/chrony.conf. When using sourcedir, create .sources files in the specified directory: # In /etc/chrony/chrony.conf: sourcedir /etc/chrony/sources.d # In /etc/chrony/sources.d/ntp.sources: server 0.pool.ntp.org When using confdir, create .conf files in the specified directory: # In /etc/chrony/chrony.conf: confdir /etc/chrony/conf.d # In /etc/chrony/conf.d/ntp-servers.conf: pool 1.pool.ntp.org Multiple servers may be configured."
xccdf_org.ssgproject.content_rule_chronyd_or_ntpd_set_maxpoll,Configure Time Service Maxpoll Interval,medium,CAT II,Medium,"The maxpoll should be configured to in /etc/ntp.conf or /etc/chrony/chrony.conf (or /etc/chrony/conf.d/) to continuously poll time servers. To configure maxpoll in /etc/ntp.conf or /etc/chrony/chrony.conf (or /etc/chrony/conf.d/) add the following after each server, pool or peer entry: maxpoll to server directives. If using chrony, any pool directives should be configured too."
xccdf_org.ssgproject.content_rule_chronyd_sync_clock,Synchronize internal information system clocks,medium,CAT II,Medium,Synchronizing internal information system clocks provides uniformity of time stamps for information systems with multiple system clocks and systems connected over a network.
xccdf_org.ssgproject.content_rule_sshd_set_keepalive,Set SSH Client Alive Count Max,medium,CAT II,Medium,"The SSH server sends at most ClientAliveCountMax messages during a SSH session and waits for a response from the SSH client. The option ClientAliveInterval configures timeout after each ClientAliveCountMax message. If the SSH server does not receive a response from the client, then the connection is considered unresponsive and terminated. For SSH earlier than v8.2, a ClientAliveCountMax value of 0 causes a timeout precisely when the ClientAliveInterval is set. Starting with v8.2, a value of 0 disables the timeout functionality completely. If the option is set to a number greater than 0, then the session will be disconnected after ClientAliveInterval * ClientAliveCountMax seconds without receiving a keep alive message."
xccdf_org.ssgproject.content_rule_sshd_set_idle_timeout,Set SSH Client Alive Interval,medium,CAT II,Medium,"SSH allows administrators to set a network responsiveness timeout interval. After this interval has passed, the unresponsive client will be automatically logged out. To set this timeout interval, edit the following line in /etc/ssh/sshd_config as follows: ClientAliveInterval The timeout interval is given in seconds. For example, have a timeout of 10 minutes, set interval to 600. If a shorter timeout has already been set for the login shell, that value will preempt any SSH setting made in /etc/ssh/sshd_config. Keep in mind that some processes may stop SSH from correctly detecting that the user is idle."
xccdf_org.ssgproject.content_rule_sshd_disable_empty_passwords,Disable SSH Access via Empty Passwords,high,CAT I,High,"Disallow SSH login with empty passwords. The default SSH configuration disables logins with empty passwords. The appropriate configuration is used if no value is set for PermitEmptyPasswords. To explicitly disallow SSH login from accounts with empty passwords, add or correct the following line in /etc/ssh/sshd_config.d/00-complianceascode-hardening.conf: PermitEmptyPasswords no Any accounts with empty passwords should be disabled immediately, and PAM configuration should prevent users from being able to assign themselves empty passwords."
xccdf_org.ssgproject.content_rule_sshd_disable_x11_forwarding,Disable X11 Forwarding,medium,CAT II,Medium,"The X11Forwarding parameter provides the ability to tunnel X11 traffic through the connection to enable remote graphic connections. SSH has the capability to encrypt remote X11 connections when SSH's X11Forwarding option is enabled. The default SSH configuration disables X11Forwarding. The appropriate configuration is used if no value is set for X11Forwarding. To explicitly disable X11 Forwarding, add or correct the following line in /etc/ssh/sshd_config.d/00-complianceascode-hardening.conf: X11Forwarding no"
xccdf_org.ssgproject.content_rule_sshd_do_not_permit_user_env,Do Not Allow SSH Environment Options,medium,CAT II,Medium,"Ensure that users are not able to override environment variables of the SSH daemon. The default SSH configuration disables environment processing. The appropriate configuration is used if no value is set for PermitUserEnvironment. To explicitly disable Environment options, add or correct the following /etc/ssh/sshd_config.d/00-complianceascode-hardening.conf: PermitUserEnvironment no"
xccdf_org.ssgproject.content_rule_sshd_enable_pubkey_auth,Enable Public Key Authentication,medium,CAT II,Medium,"Enable SSH login with public keys. The default SSH configuration enables authentication based on public keys. The appropriate configuration is used if no value is set for PubkeyAuthentication. To explicitly enable Public Key Authentication, add or correct the following /etc/ssh/sshd_config.d/00-complianceascode-hardening.conf: PubkeyAuthentication yes"
xccdf_org.ssgproject.content_rule_sshd_enable_warning_banner_net,Enable SSH Warning Banner,medium,CAT II,Medium,"To enable the warning banner and ensure it is consistent across the system, add or correct the following line in /etc/ssh/sshd_config.d/00-complianceascode-hardening.conf: Banner /etc/issue.net Another section contains information on how to create an appropriate system-wide warning banner."
xccdf_org.ssgproject.content_rule_sshd_use_approved_ciphers_ordered_stig,Use Only FIPS 140-2 Validated Ciphers,medium,CAT II,Medium,"Limit the ciphers to those algorithms which are FIPS-approved. The following line in /etc/ssh/sshd_config demonstrates use of FIPS-approved ciphers: Ciphers aes256-ctr,aes192-ctr,aes128-ctr If this line does not contain these ciphers in exact order, is commented out, or is missing, this is a finding."
xccdf_org.ssgproject.content_rule_sshd_use_approved_kex_ordered_stig,Use Only FIPS 140-2 Validated Key Exchange Algorithms,medium,CAT II,Medium,"Limit the key exchange algorithms to those which are FIPS-approved. Add or modify the following line in /etc/ssh/sshd_config KexAlgorithms ecdh-sha2-nistp256,ecdh-sha2-nistp384,ecdh-sha2-nistp521,diffie-hellman-group-exchange-sha256 This rule ensures that only the key exchange algorithms mentioned above (or their subset) are configured for use, keeping the given order of algorithms."
xccdf_org.ssgproject.content_rule_sshd_use_approved_macs_ordered_stig,Use Only FIPS 140-2 Validated MACs,medium,CAT II,Medium,"Limit the MACs to those hash algorithms which are FIPS-approved. The following line in /etc/ssh/sshd_config demonstrates use of FIPS-approved MACs: MACs hmac-sha2-512,hmac-sha2-256 If this line does not contain these MACs in exact order, is commented out, or is missing, this is a finding."
xccdf_org.ssgproject.content_rule_sshd_x11_use_localhost,Prevent remote hosts from connecting to the proxy display,medium,CAT II,Medium,"The SSH daemon should prevent remote hosts from connecting to the proxy display. The default SSH configuration for X11UseLocalhost is yes, which prevents remote hosts from connecting to the proxy display. To explicitly prevent remote connections to the proxy display, add or correct the following line in /etc/ssh/sshd_config.d/00-complianceascode-hardening.conf: X11UseLocalhost yes"
xccdf_org.ssgproject.content_rule_service_sssd_enabled,Enable the SSSD Service,medium,CAT II,Medium,The SSSD service should be enabled. The sssd service can be enabled with the following command: $ sudo systemctl enable sssd.service
xccdf_org.ssgproject.content_rule_sssd_certification_path_trust_anchor,Certificate trust path in SSSD,medium,CAT II,Medium,Enable certification trust path for SSSD to an accepted trust anchor.
xccdf_org.ssgproject.content_rule_sssd_enable_pam_services,Configure PAM in SSSD Services,medium,CAT II,Medium,"SSSD should be configured to run SSSD pam services. To configure SSSD to known SSH hosts, add pam to services under the [sssd] section in /etc/sssd/sssd.conf. For example: [sssd] services = sudo, autofs, pam"
xccdf_org.ssgproject.content_rule_sssd_enable_smartcards,Enable Smartcards in SSSD,medium,CAT II,Medium,"SSSD should be configured to authenticate access to the system using smart cards. To enable smart cards in SSSD, set pam_cert_auth to True under the [pam] section in /etc/sssd/sssd.conf. For example: [pam] pam_cert_auth = True"
xccdf_org.ssgproject.content_rule_sssd_enable_user_cert,Enable Certificates Mapping in SSSD,medium,CAT II,Medium,"SSSD needs to be set up to link the authenticated identity to the user or group account for PKI-based authentication. To implement this, confirm that the /etc/sssd/sssd.conf file contains the following line ldap_user_certificate=userCertificate;binary"
xccdf_org.ssgproject.content_rule_sssd_offline_cred_expiration,Configure SSSD to Expire Offline Credentials,medium,CAT II,Medium,"SSSD should be configured to expire offline credentials after 1 day. To configure SSSD to expire offline credentials, set offline_credentials_expiration to 1 under the [pam] section in /etc/sssd/sssd.conf. For example: [pam] offline_credentials_expiration = 1"
xccdf_org.ssgproject.content_rule_package_audit-audispd-plugins_installed,Ensure the default plugins for the audit dispatcher are Installed,medium,CAT II,Medium,The audit-audispd-plugins package should be installed.
xccdf_org.ssgproject.content_rule_package_audit_installed,Ensure the audit Subsystem is Installed,medium,CAT II,Medium,The audit package should be installed.
xccdf_org.ssgproject.content_rule_grub2_audit_argument,Enable Auditing for Processes Which Start Prior to the Audit Daemon,low,CAT III,Low,"To ensure all processes can be audited, even those which start prior to the audit daemon, add the argument audit=1 to the default GRUB 2 command line for the Linux operating system. To ensure that audit=1 is added as a kernel command line argument to newly installed kernels, add audit=1 to the default Grub2 command line for Linux operating systems. Modify the line within /etc/default/grub as shown below: GRUB_CMDLINE_LINUX=""... audit=1 ..."" Run the following command to update command line for already installed kernels:# update-grub"
